training_type,data_name,max_iter,n_particle,best,worst
exchange_layers,breast,20,20,0.18575919134341778,0.5301413998619315
exchange_layers,breast,20,40,0.10190593219213682,0.5205917686783457
exchange_layers,breast,20,60,0.14922027092380416,0.33670440456500506
exchange_layers,breast,20,80,0.12149403843539414,0.4043020310681179
exchange_layers,breast,20,100,0.08138623526942552,0.22950657069755392
exchange_layers,breast,40,20,0.1452038891193621,0.503617320228973
exchange_layers,breast,40,40,0.12251017244444345,0.5102792953444952
exchange_layers,breast,40,60,0.08921354076482886,0.37786573326537826
exchange_layers,breast,40,80,0.091363862734183,0.3807479001976656
exchange_layers,breast,40,100,0.07902058031007335,0.2841208762131345
exchange_layers,breast,60,20,0.13518245490778846,0.4813406568572361
exchange_layers,breast,60,40,0.10989669927003999,0.45221304978108023
exchange_layers,breast,60,60,0.09755712361552195,0.31556577571071337
exchange_layers,breast,60,80,0.09094954806589332,0.46564185415656184
exchange_layers,breast,60,100,0.12662767456818755,0.3973056903108736
exchange_layers,breast,80,20,0.08293740152993927,0.6655450937365669
exchange_layers,breast,80,40,0.0877415858162779,0.35850916433257074
exchange_layers,breast,80,60,0.11480918770051017,0.7908818757374219
exchange_layers,breast,80,80,0.09506551925796346,0.44738354901918076
exchange_layers,breast,80,100,0.07800769837803427,0.35763921174872576
exchange_layers,breast,100,20,0.08037520207044244,0.9290066664754882
exchange_layers,breast,100,40,0.08316472771238048,0.601770702178861
exchange_layers,breast,100,60,0.08826906867271682,0.6361919600379679
exchange_layers,breast,100,80,0.05210233211886846,0.3149861954193701
exchange_layers,breast,100,100,0.07230489214618285,0.38497256948628034
exchange_layers,breast,500,20,0.03810781346047922,0.5389114547302183
exchange_layers,breast,500,40,0.04085408098495377,0.5718086822643867
exchange_layers,breast,500,60,0.048870323886861466,0.3409896546655782
exchange_layers,breast,500,80,0.018876184748970695,0.3526005237506343
exchange_layers,breast,500,100,0.013830666571364197,0.5982574766892211
exchange_layers,breast,1000,20,0.013111112556562634,0.503480118894175
exchange_layers,breast,1000,40,0.01082934797591774,0.5923227510005896
exchange_layers,breast,1000,60,0.033624343458032564,0.47412099526781876
exchange_layers,breast,1000,80,0.008576355439912224,0.541567354936085
exchange_layers,breast,1000,100,0.013870982555534601,0.37933218932884233
exchange_layers,circle,20,20,0.536461738378574,0.6821213629535119
exchange_layers,circle,20,40,0.47562289074571973,0.714304340084429
exchange_layers,circle,20,60,0.486753602995373,0.772078748553091
exchange_layers,circle,20,80,0.3560809313061473,0.7065369146880289
exchange_layers,circle,20,100,0.4243313134713947,0.6956558664623104
exchange_layers,circle,40,20,0.5011935925491311,0.7355996889421847
exchange_layers,circle,40,40,0.3501776698120956,0.6478373512893674
exchange_layers,circle,40,60,0.36413787095220435,0.7198256162952676
exchange_layers,circle,40,80,0.22367621273455585,0.6075410685951398
exchange_layers,circle,40,100,0.30092958182805235,0.7432061626488686
exchange_layers,circle,60,20,0.4604537204585203,0.6976507085324358
exchange_layers,circle,60,40,0.15342779825030606,0.6722536718731612
exchange_layers,circle,60,60,0.17043029442070382,0.6805286468155888
exchange_layers,circle,60,80,0.2321368615222505,0.7277192001638461
exchange_layers,circle,60,100,0.061561703509368716,0.6467748048403943
exchange_layers,circle,80,20,0.3218850977880682,1.0753071726399082
exchange_layers,circle,80,40,0.1997532739970696,0.9938791311245022
exchange_layers,circle,80,60,0.03035311629863812,0.6788822439521286
exchange_layers,circle,80,80,0.4398569316841361,0.6905184323611956
exchange_layers,circle,80,100,0.07319110064235348,0.7406076293064427
exchange_layers,circle,100,20,0.41755988862146076,0.7272754797779515
exchange_layers,circle,100,40,0.17698669108071907,1.0173887819060634
exchange_layers,circle,100,60,0.09373582535719349,0.7572797530657129
exchange_layers,circle,100,80,0.030846769874091653,0.6734081156384558
exchange_layers,circle,100,100,0.07922705003203673,0.6870470687457624
exchange_layers,circle,500,20,0.17184359951224815,0.7541989183866719
exchange_layers,circle,500,40,0.005059678374874671,0.7080261765441502
exchange_layers,circle,500,60,0.006370968377508721,0.722008008170793
exchange_layers,circle,500,80,5.291347218946081e-05,0.6702739971190196
exchange_layers,circle,500,100,0.3575865819267055,0.6574016404272247
exchange_layers,circle,1000,20,0.25898207885279234,1.3277592084297178
exchange_layers,circle,1000,40,7.624209763720798e-06,0.6559405175978147
exchange_layers,circle,1000,60,0.0008831783554433294,0.7203279768102455
exchange_layers,circle,1000,80,0.0005089662929239169,0.6838918653355328
exchange_layers,circle,1000,100,0.3684484620457749,0.677670324228067
exchange_layers,iris,20,20,0.17660973758651846,0.735622445348852
exchange_layers,iris,20,40,0.15855060997382087,0.6615660022230877
exchange_layers,iris,20,60,0.06210270377895918,0.6287282151213082
exchange_layers,iris,20,80,0.09459699883237842,0.7963290986873024
exchange_layers,iris,20,100,0.1575149288545528,0.6323969044223056
exchange_layers,iris,40,20,0.07353390891193284,1.0734831859342784
exchange_layers,iris,40,40,0.06320498577641943,0.5554379843884542
exchange_layers,iris,40,60,0.06610083064018168,0.5470492795044664
exchange_layers,iris,40,80,0.060564284298452176,0.6009667301819133
exchange_layers,iris,40,100,0.0617536064951045,0.45822392923138916
exchange_layers,iris,60,20,0.0727338904472999,1.1071789334620172
exchange_layers,iris,60,40,0.04774638747202099,0.511677235641162
exchange_layers,iris,60,60,0.05122888904347329,0.6264497331240977
exchange_layers,iris,60,80,0.05236931932492293,1.2397492530329397
exchange_layers,iris,60,100,0.058459439980426055,0.5204047586584296
exchange_layers,iris,80,20,0.05129617134012649,0.9995112453649685
exchange_layers,iris,80,40,0.07951748113062748,0.6753775353540541
exchange_layers,iris,80,60,0.04816873556959611,0.6095339174355874
exchange_layers,iris,80,80,0.05261649802625556,0.7517899335066467
exchange_layers,iris,80,100,0.060659173843775026,0.6348016438518183
exchange_layers,iris,100,20,0.05844915931075243,1.0357879128676442
exchange_layers,iris,100,40,0.04717581654705953,0.669471888989141
exchange_layers,iris,100,60,0.04656187477012609,0.47992464147666913
exchange_layers,iris,100,80,0.050263207177486766,0.6743654715815446
exchange_layers,iris,100,100,0.051847492411771806,0.45553235811303017
exchange_layers,iris,500,20,0.04971488835476849,0.7527091108591033
exchange_layers,iris,500,40,0.05076186778211081,0.6920509444864724
exchange_layers,iris,500,60,0.01706287245544608,0.6607663988397604
exchange_layers,iris,500,80,0.04552540192498491,0.7006178045608673
exchange_layers,iris,500,100,0.047604674133999,0.5628707999901045
exchange_layers,iris,1000,20,0.047110057958198594,0.7214603053689118
exchange_layers,iris,1000,40,0.039323584642204056,0.9268900752251726
exchange_layers,iris,1000,60,0.037256756953570926,0.6696531939965715
exchange_layers,iris,1000,80,0.04664067159090994,0.6446709988029808
exchange_layers,iris,1000,100,0.03429774021248677,0.3075081749995187
exchange_layers,wine,20,20,0.11810704841435944,1.4529386045467694
exchange_layers,wine,20,40,0.17484384474258038,1.0143067410201594
exchange_layers,wine,20,60,0.20724893269207392,0.9199436990319231
exchange_layers,wine,20,80,0.1020765343443822,0.857988345728067
exchange_layers,wine,20,100,0.12109717181190122,0.6597542548247277
exchange_layers,wine,40,20,0.06790858636046791,1.5629423236716398
exchange_layers,wine,40,40,0.07663939022450676,1.0633337131440035
exchange_layers,wine,40,60,0.06602845331655516,0.7474995802384871
exchange_layers,wine,40,80,0.05153684283730342,1.181789489799713
exchange_layers,wine,40,100,0.041085973624820596,0.6748038792703294
exchange_layers,wine,60,20,0.1280538431400683,2.913977486601705
exchange_layers,wine,60,40,0.05406270829200146,0.9438546919880682
exchange_layers,wine,60,60,0.013774785157771703,1.7615046205076825
exchange_layers,wine,60,80,0.061868331680571265,0.4941390778008799
exchange_layers,wine,60,100,0.06549660131337652,0.7108439901086311
exchange_layers,wine,80,20,0.10349057011255763,0.8652115678879216
exchange_layers,wine,80,40,0.006638582822248125,0.7373358693033706
exchange_layers,wine,80,60,0.027954275741773362,0.7496546176053354
exchange_layers,wine,80,80,0.020620782059317385,1.0123155353528195
exchange_layers,wine,80,100,0.010939489445042982,0.6503655478721564
exchange_layers,wine,100,20,0.023004175442838684,1.5405468778404572
exchange_layers,wine,100,40,0.0033052016168809593,1.1476725291505432
exchange_layers,wine,100,60,0.028340532132863583,1.20643219059404
exchange_layers,wine,100,80,0.0014379396390741387,0.9508288745169332
exchange_layers,wine,100,100,0.001133509562743569,1.3906455206574
exchange_layers,wine,500,20,0.00020752085464829302,0.7012504878844262
exchange_layers,wine,500,40,4.262125959287523e-06,1.1057081278292076
exchange_layers,wine,500,60,4.032258064516129e-06,1.326674933615696
exchange_layers,wine,500,80,0.00025924446929944257,0.7898848614770978
exchange_layers,wine,500,100,4.032259575666653e-06,0.9127206907886958
exchange_layers,wine,1000,20,4.032258064516129e-06,0.8709905067988664
exchange_layers,wine,1000,40,4.032258065447284e-06,1.2208640644474031
exchange_layers,wine,1000,60,4.032303645449442e-06,0.6143953119152549
exchange_layers,wine,1000,80,4.032258064516129e-06,0.6431471955100468
exchange_layers,wine,1000,100,4.032258064516129e-06,1.2759858192919415
individual_layers,breast,20,20,0.17613012484779403,0.6007398756772502
individual_layers,breast,20,40,0.13877085446023021,0.5212087151696989
individual_layers,breast,20,60,0.15466374196219138,0.3390048700512823
individual_layers,breast,20,80,0.12362879034445245,0.44210136434572567
individual_layers,breast,20,100,0.11496146937325404,0.28998155608902
individual_layers,breast,40,20,0.1685908888547663,0.5476821954727991
individual_layers,breast,40,40,0.10240409537969238,0.30314490466873734
individual_layers,breast,40,60,0.11225177688845839,0.3718608020838006
individual_layers,breast,40,80,0.1310765836024646,0.40829316509998226
individual_layers,breast,40,100,0.12751876961396108,0.2688400514445142
individual_layers,breast,60,20,0.124866351460679,0.7093850020561003
individual_layers,breast,60,40,0.10884420591610303,0.43140117850144116
individual_layers,breast,60,60,0.08989720454689805,0.3506440898673558
individual_layers,breast,60,80,0.10477929693581818,0.4421884112203975
individual_layers,breast,60,100,0.08468750375418298,0.3282136006880793
individual_layers,breast,80,20,0.09739817582792294,0.5282292903063363
individual_layers,breast,80,40,0.0827421168381062,0.354116723124547
individual_layers,breast,80,60,0.08326632206079673,0.4581563611929342
individual_layers,breast,80,80,0.07928334429131988,0.3887311396768511
individual_layers,breast,80,100,0.08212304296739599,0.23548702393435483
individual_layers,breast,100,20,0.09171054613754262,0.5953881822224366
individual_layers,breast,100,40,0.1451228979285829,0.41723594425352417
individual_layers,breast,100,60,0.08012719187264551,0.3473766307364644
individual_layers,breast,100,80,0.08190298496795125,0.35616060014607004
individual_layers,breast,100,100,0.06662489094619028,0.37993853562436636
individual_layers,breast,500,20,0.050162628428964635,0.5844357543178921
individual_layers,breast,500,40,0.056401334552203294,0.336777102778104
individual_layers,breast,500,60,0.03587438931636626,0.33518598404247396
individual_layers,breast,500,80,0.030447946913198035,0.3517081112618292
individual_layers,breast,500,100,0.01929721031349451,0.36108444050805205
individual_layers,breast,1000,20,0.02346556082644767,0.3554214606450347
individual_layers,breast,1000,40,0.013929216435331881,0.4127055569829308
individual_layers,breast,1000,60,0.017292306015005848,0.4251001150915927
individual_layers,breast,1000,80,0.009457018861229011,0.4285345622085718
individual_layers,breast,1000,100,0.007558343695640636,0.35635126425775754
individual_layers,circle,20,20,0.6245572203019731,0.7054612728673918
individual_layers,circle,20,40,0.5348949090813494,0.6876568618377185
individual_layers,circle,20,60,0.5189074331265154,0.6786193033334262
individual_layers,circle,20,80,0.5507865511709716,0.6860643073546796
individual_layers,circle,20,100,0.47118178102145886,0.6846568498035207
individual_layers,circle,40,20,0.5467103281697725,0.6959207865002894
individual_layers,circle,40,40,0.4672621039917249,0.6920504842574022
individual_layers,circle,40,60,0.4377748817555845,0.6976835452506203
individual_layers,circle,40,80,0.4531819789348902,0.6722019836379588
individual_layers,circle,40,100,0.4530505654177672,0.6697919400250677
individual_layers,circle,60,20,0.513441573255819,0.6887065241500404
individual_layers,circle,60,40,0.45488142730130965,0.6978465868172656
individual_layers,circle,60,60,0.46731919318182086,0.6985712101283466
individual_layers,circle,60,80,0.41750129909554223,0.6867480756147756
individual_layers,circle,60,100,0.3973693636820096,0.6798208924653719
individual_layers,circle,80,20,0.48356888997449565,0.7064897391039292
individual_layers,circle,80,40,0.5579762414813819,0.7009103256716154
individual_layers,circle,80,60,0.47051733274749435,0.6955867046424294
individual_layers,circle,80,80,0.40431826887911376,0.6721779777106016
individual_layers,circle,80,100,0.31925272407403554,0.6947218247078197
individual_layers,circle,100,20,0.46367699788552913,0.7034293681963857
individual_layers,circle,100,40,0.5381175931145343,0.6920203283864609
individual_layers,circle,100,60,0.5130001101299553,0.6795279703336468
individual_layers,circle,100,80,0.4008941934092233,0.6893297662986339
individual_layers,circle,100,100,0.37807836784643317,0.6567934526283699
individual_layers,circle,500,20,0.46744050307041324,0.7379902276280488
individual_layers,circle,500,40,0.3465496150486986,0.6852730706021644
individual_layers,circle,500,60,0.33963219832290586,0.6948062059358708
individual_layers,circle,500,80,0.3764916571299093,0.6886931163874797
individual_layers,circle,500,100,0.3202474863619201,0.693467486578241
individual_layers,circle,1000,20,0.4277454537559187,0.700834145318052
individual_layers,circle,1000,40,0.3206165679111352,0.7016606970144557
individual_layers,circle,1000,60,0.20526467038359705,0.6830297804135105
individual_layers,circle,1000,80,0.45446388891613787,0.6982613855114852
individual_layers,circle,1000,100,0.22696106870839144,0.6863276231672703
individual_layers,iris,20,20,0.25715214091037664,0.8417034910418728
individual_layers,iris,20,40,0.36245297247478064,0.9071624943707544
individual_layers,iris,20,60,0.2812714679820131,0.7458363116838533
individual_layers,iris,20,80,0.10108647942002937,0.7539159048056578
individual_layers,iris,20,100,0.24412961913514947,0.6491931244902738
individual_layers,iris,40,20,0.22799258106829767,0.9340311730468945
individual_layers,iris,40,40,0.12348254331930121,0.874301987191265
individual_layers,iris,40,60,0.16992915195642272,0.8995609083599976
individual_layers,iris,40,80,0.12942552117293377,0.755106653182137
individual_layers,iris,40,100,0.1864135798045938,0.8439705736165423
individual_layers,iris,60,20,0.21578215639168855,1.1015859584611583
individual_layers,iris,60,40,0.1857606593630357,0.8165732182657862
individual_layers,iris,60,60,0.09157899343177732,0.6437586753948266
individual_layers,iris,60,80,0.07096500473416036,0.8850134016348906
individual_layers,iris,60,100,0.08083480135516555,0.7188472631596285
individual_layers,iris,80,20,0.19719290277569407,0.8234248431165626
individual_layers,iris,80,40,0.10218503180374135,0.9440775906085253
individual_layers,iris,80,60,0.08160986098724624,0.8039677581128972
individual_layers,iris,80,80,0.06769549803305282,0.6841759074324772
individual_layers,iris,80,100,0.05323229463937569,0.7173187970277557
individual_layers,iris,100,20,0.10457012938818441,0.9997270580436559
individual_layers,iris,100,40,0.09315030217612269,0.9325087782425268
individual_layers,iris,100,60,0.07389301454359655,0.9333710908881578
individual_layers,iris,100,80,0.06408780476199168,0.9347979061387639
individual_layers,iris,100,100,0.052099213036459195,0.8760956228796154
individual_layers,iris,500,20,0.04941985166512309,0.6259681051450464
individual_layers,iris,500,40,0.051300008030351535,0.8274587727182955
individual_layers,iris,500,60,0.04919310681342889,0.6376012015091836
individual_layers,iris,500,80,0.049173130563620715,0.7265524972377837
individual_layers,iris,500,100,0.051290953837823616,0.7859029129790338
individual_layers,iris,1000,20,0.048148395835739155,1.039491541172504
individual_layers,iris,1000,40,0.04619243049635989,0.7103996372789069
individual_layers,iris,1000,60,0.04931435294147606,0.9465858315061841
individual_layers,iris,1000,80,0.04770513112935581,0.7524467611898311
individual_layers,iris,1000,100,0.047204751537795235,0.7467440610424368
individual_layers,wine,20,20,0.2211637116453314,1.4579578692101665
individual_layers,wine,20,40,0.2602367334138873,1.0720631644846843
individual_layers,wine,20,60,0.13871001484248083,1.1156703128456997
individual_layers,wine,20,80,0.07871651542453229,0.8663247108539129
individual_layers,wine,20,100,0.1200100297984539,1.0474782458120215
individual_layers,wine,40,20,0.16915388477289853,1.480887224108715
individual_layers,wine,40,40,0.060058740444480285,1.5173341182349065
individual_layers,wine,40,60,0.06956915556587401,0.5001862179256843
individual_layers,wine,40,80,0.05475372370605504,0.584278392254862
individual_layers,wine,40,100,0.10237592440825646,0.9657650460361289
individual_layers,wine,60,20,0.15778575024312483,1.0256080193322008
individual_layers,wine,60,40,0.03856080444395304,1.1579753547517433
individual_layers,wine,60,60,0.057428684110151784,0.6289652907507732
individual_layers,wine,60,80,0.05464810291771973,0.6336795521124171
individual_layers,wine,60,100,0.048505169169789024,0.7928862892971238
individual_layers,wine,80,20,0.06511599096993077,0.933987490283852
individual_layers,wine,80,40,0.06690858290980853,0.8166244067938736
individual_layers,wine,80,60,0.02085854703995677,0.7809496277351907
individual_layers,wine,80,80,0.04831536642833171,0.9574400001597032
individual_layers,wine,80,100,0.05321808763544919,0.9881472309811967
individual_layers,wine,100,20,0.06197073254345771,0.9462312873460789
individual_layers,wine,100,40,0.009528699739160663,0.890382215928589
individual_layers,wine,100,60,0.014205845403471948,0.7484195631056857
individual_layers,wine,100,80,0.016454423141767104,0.9084535369089051
individual_layers,wine,100,100,0.01322574882464232,0.8898383302050471
individual_layers,wine,500,20,0.0009873647426544196,1.247863951981276
individual_layers,wine,500,40,0.002729611515863455,1.0109855283126103
individual_layers,wine,500,60,0.0001510988273408812,0.9681002493886526
individual_layers,wine,500,80,0.0011431539706347018,1.0928593960231265
individual_layers,wine,500,100,1.6851180367715096e-05,0.8091735457477813
individual_layers,wine,1000,20,0.0012490204267976582,1.4561904492938422
individual_layers,wine,1000,40,4.844255821313834e-06,0.8724873661720994
individual_layers,wine,1000,60,4.068570235749952e-06,0.9422381319416597
individual_layers,wine,1000,80,2.8152289784759598e-05,0.8832512111064089
individual_layers,wine,1000,100,5.431375552688099e-06,0.681244751528797
training_exchange_layers,breast,20,20,0.10371207941610028,0.6729357988494497
training_exchange_layers,breast,20,40,0.179792679571222,0.4315976124625107
training_exchange_layers,breast,20,60,0.18729966145154944,0.6237155607394873
training_exchange_layers,breast,20,80,0.15032815147127285,0.41443901940236794
training_exchange_layers,breast,20,100,0.11003131901747752,0.3924924729674365
training_exchange_layers,breast,40,20,0.16261720592272316,0.48967217880484265
training_exchange_layers,breast,40,40,0.12108308285880344,0.5903857114947912
training_exchange_layers,breast,40,60,0.0790978305014378,0.49351946994453744
training_exchange_layers,breast,40,80,0.10757425005973001,0.3705603568991655
training_exchange_layers,breast,40,100,0.1167975328533802,0.29243283706292855
training_exchange_layers,breast,60,20,0.09171166886497764,0.5912136762924093
training_exchange_layers,breast,60,40,0.09406205305443592,0.336241264089786
training_exchange_layers,breast,60,60,0.0969712925720722,0.6017654072246664
training_exchange_layers,breast,60,80,0.09824161527094522,0.27910274858469225
training_exchange_layers,breast,60,100,0.08050435693140749,0.3262835549505874
training_exchange_layers,breast,80,20,0.061931545414620516,0.8410746098375389
training_exchange_layers,breast,80,40,0.10227398348051542,0.30484228258776636
training_exchange_layers,breast,80,60,0.06516395541079752,0.566383668720089
training_exchange_layers,breast,80,80,0.07244226125052548,0.32754150243337826
training_exchange_layers,breast,80,100,0.06629702276533259,0.2599377447277304
training_exchange_layers,breast,100,20,0.13217432719713162,0.5495810992265471
training_exchange_layers,breast,100,40,0.11528339206239768,0.6125380883325441
training_exchange_layers,breast,100,60,0.09208760510988111,0.2920546581070589
training_exchange_layers,breast,100,80,0.06780231131427257,0.3973398112434067
training_exchange_layers,breast,100,100,0.06552725274446444,0.39398800740015
training_exchange_layers,breast,500,20,0.03157922034165793,0.6470796040016984
training_exchange_layers,breast,500,40,0.03325110218386419,0.2883674992091149
training_exchange_layers,breast,500,60,0.03065966610968164,0.35109689765432517
training_exchange_layers,breast,500,80,0.02287481180809418,0.36064227529273074
training_exchange_layers,breast,500,100,0.014568445347026846,0.36233104577280256
training_exchange_layers,breast,1000,20,0.012165264579629423,1.324815903452828
training_exchange_layers,breast,1000,40,0.006677640394937409,0.6943296457653771
training_exchange_layers,breast,1000,60,0.010723112761076521,0.4483435974098365
training_exchange_layers,breast,1000,80,0.009367065864179973,0.4229051071807797
training_exchange_layers,breast,1000,100,0.02733523506758477,0.2904106420114135
training_exchange_layers,circle,20,20,0.5409506617550994,0.6726767292477986
training_exchange_layers,circle,20,40,0.5415050942765229,0.6540778823821023
training_exchange_layers,circle,20,60,0.4447438741046443,0.6669356563417088
training_exchange_layers,circle,20,80,0.43114918523819457,0.6861635730095494
training_exchange_layers,circle,20,100,0.43795906776683535,0.6701529856992681
training_exchange_layers,circle,40,20,0.3639977330649604,0.6807108381816437
training_exchange_layers,circle,40,40,0.29546285428305286,0.7030176952134033
training_exchange_layers,circle,40,60,0.20210456958720413,0.6901713664195681
training_exchange_layers,circle,40,80,0.16407715408384846,0.6881058581603887
training_exchange_layers,circle,40,100,0.18053406136708763,0.6575687195236475
training_exchange_layers,circle,60,20,0.3403482714245481,0.6917898204603046
training_exchange_layers,circle,60,40,0.14951588237006572,0.7796324136562091
training_exchange_layers,circle,60,60,0.1257450218189699,0.7190410141521915
training_exchange_layers,circle,60,80,0.05795607180530434,0.6825385220618729
training_exchange_layers,circle,60,100,0.14746972714525083,0.6743093821093368
training_exchange_layers,circle,80,20,0.23382271686292186,0.7078882305981672
training_exchange_layers,circle,80,40,0.12654024592228175,0.6818220776222713
training_exchange_layers,circle,80,60,0.10654476480483675,0.6764438681027752
training_exchange_layers,circle,80,80,0.07366875567624094,0.754778024492978
training_exchange_layers,circle,80,100,0.07833956185122151,0.6635290979926077
training_exchange_layers,circle,100,20,0.19919017306166836,0.7217071187147898
training_exchange_layers,circle,100,40,0.1692515355037733,0.6984679862112174
training_exchange_layers,circle,100,60,0.11388530895222918,0.9838224523686021
training_exchange_layers,circle,100,80,0.08813116719542823,0.6463447367396031
training_exchange_layers,circle,100,100,0.0419544538227535,0.674079113600862
training_exchange_layers,circle,500,20,0.028309195990319728,0.7514757674275659
training_exchange_layers,circle,500,40,0.04484555643328984,0.6449400276128584
training_exchange_layers,circle,500,60,0.018185540384100446,0.6629117828166536
training_exchange_layers,circle,500,80,0.0019839568573288315,0.668342349247314
training_exchange_layers,circle,500,100,0.001446167030129015,0.9146863313122732
training_exchange_layers,circle,1000,20,0.03981820028187023,0.960962441098771
training_exchange_layers,circle,1000,40,0.0043268222108688685,0.878218943694306
training_exchange_layers,circle,1000,60,0.011070083358411552,4.673930762750039
training_exchange_layers,circle,1000,80,0.0015304316217439981,0.6786454793735888
training_exchange_layers,circle,1000,100,0.00018160139044783293,0.5854980829483187
training_exchange_layers,iris,20,20,0.13954370086106196,1.2254090535149442
training_exchange_layers,iris,20,40,0.23907214355093054,0.787024827917238
training_exchange_layers,iris,20,60,0.1837765116679509,0.7293426744344413
training_exchange_layers,iris,20,80,0.07874972896889335,0.7026497992263951
training_exchange_layers,iris,20,100,0.05523209790326723,0.5656016591870742
training_exchange_layers,iris,40,20,0.0758320372971382,1.1640150849791207
training_exchange_layers,iris,40,40,0.06254563213004175,0.7512889853328937
training_exchange_layers,iris,40,60,0.08813349952490021,0.6789508821397315
training_exchange_layers,iris,40,80,0.06002219249785963,0.5372874960493386
training_exchange_layers,iris,40,100,0.053894748454450976,0.7559448076384571
training_exchange_layers,iris,60,20,0.07701155457485707,0.6586032182880827
training_exchange_layers,iris,60,40,0.08713738750593474,0.5600641462418895
training_exchange_layers,iris,60,60,0.09991900624204071,0.462828498398458
training_exchange_layers,iris,60,80,0.050658967474144986,0.8754353326498507
training_exchange_layers,iris,60,100,0.04846220905395807,0.842177770182512
training_exchange_layers,iris,80,20,0.08635610909955747,0.8692016824011791
training_exchange_layers,iris,80,40,0.07172575056009417,0.8869969721239769
training_exchange_layers,iris,80,60,0.05051813847503523,0.6121649356309679
training_exchange_layers,iris,80,80,0.051315176063335854,0.7229966127561178
training_exchange_layers,iris,80,100,0.055933442018454786,0.6041265674923073
training_exchange_layers,iris,100,20,0.05451761934736059,1.6724048341484707
training_exchange_layers,iris,100,40,0.0489819185911865,0.7354430000237894
training_exchange_layers,iris,100,60,0.06231778293751556,0.7210272930655605
training_exchange_layers,iris,100,80,0.04911655924316634,0.5937233669091159
training_exchange_layers,iris,100,100,0.04828110533328101,0.4754564874127534
training_exchange_layers,iris,500,20,0.0503609457525374,1.0120213877039064
training_exchange_layers,iris,500,40,0.048696518827076686,0.8971701856252502
training_exchange_layers,iris,500,60,0.03998449989211841,0.6685125909379485
training_exchange_layers,iris,500,80,0.03862279957066794,0.7980934595593216
training_exchange_layers,iris,500,100,0.03736329172626552,0.5513116357781602
training_exchange_layers,iris,1000,20,0.04687038709545296,0.8341348823803981
training_exchange_layers,iris,1000,40,0.035915529876659295,1.0150245119925636
training_exchange_layers,iris,1000,60,0.04526027547777514,0.7582465730679693
training_exchange_layers,iris,1000,80,0.03999991482256469,0.8399116534800318
training_exchange_layers,iris,1000,100,0.022377595064212063,0.5386569375308118
training_exchange_layers,wine,20,20,0.14848281508941472,1.5892188969362944
training_exchange_layers,wine,20,40,0.1766200281059951,0.945491189577191
training_exchange_layers,wine,20,60,0.13375166685363257,0.8807635653060991
training_exchange_layers,wine,20,80,0.13133200175847612,1.4593276122391885
training_exchange_layers,wine,20,100,0.150926384643829,0.9005886016230145
training_exchange_layers,wine,40,20,0.06313258998491582,1.2197294193343695
training_exchange_layers,wine,40,40,0.04138121348657662,0.9088508250346248
training_exchange_layers,wine,40,60,0.04619763405729197,0.9681832003528736
training_exchange_layers,wine,40,80,0.011912000299141036,0.9704299374067664
training_exchange_layers,wine,40,100,0.03811308087967058,0.8177032549142367
training_exchange_layers,wine,60,20,0.1041839377777502,0.9017053358331697
training_exchange_layers,wine,60,40,0.040792667045610694,1.5171880075886213
training_exchange_layers,wine,60,60,0.04618849452240318,0.6066873633270881
training_exchange_layers,wine,60,80,0.04975484984818379,1.3221486344339488
training_exchange_layers,wine,60,100,0.027683578603673133,0.6753043728542717
training_exchange_layers,wine,80,20,0.09955470676554626,1.288526153771024
training_exchange_layers,wine,80,40,0.031006909731999523,1.5689654952522836
training_exchange_layers,wine,80,60,0.018361369424742282,1.1154027546041518
training_exchange_layers,wine,80,80,0.0005021697127039631,1.1445317777655741
training_exchange_layers,wine,80,100,0.039800922255492296,0.9620030232770737
training_exchange_layers,wine,100,20,0.01714087417821524,1.0188166749377605
training_exchange_layers,wine,100,40,0.04314575128658394,0.981978399445179
training_exchange_layers,wine,100,60,0.01883797864997585,0.672797501878506
training_exchange_layers,wine,100,80,0.0008347696298565909,0.6499754254004413
training_exchange_layers,wine,100,100,0.001966408190021949,0.6623700182506332
training_exchange_layers,wine,500,20,0.0046910039755108015,1.3633311221093611
training_exchange_layers,wine,500,40,0.021112835637727194,0.9026449206254576
training_exchange_layers,wine,500,60,3.119261523870211e-05,0.9520265631957265
training_exchange_layers,wine,500,80,4.336145493196436e-06,0.8987196409516988
training_exchange_layers,wine,500,100,4.032857220906093e-06,0.9966227451167321
training_exchange_layers,wine,1000,20,9.108682699585777e-05,0.9787766612209696
training_exchange_layers,wine,1000,40,4.03234108230238e-06,1.2352771152555693
training_exchange_layers,wine,1000,60,4.032258064516129e-06,0.8105952497680063
training_exchange_layers,wine,1000,80,4.032258475346997e-06,0.7734181338819457
training_exchange_layers,wine,1000,100,8.42014571329311e-06,1.133200551116576
training_exchange_layers_e,breast,20,20,0.21017833238692965,0.48415817546619966
training_exchange_layers_e,breast,20,40,0.23455277202900948,0.3905361240986912
training_exchange_layers_e,breast,20,60,0.0920940357699563,0.3703099109449738
training_exchange_layers_e,breast,20,80,0.10376054391586532,0.9400712436099863
training_exchange_layers_e,breast,20,100,0.1177926035972688,0.2928378585403199
training_exchange_layers_e,breast,40,20,0.15574420456699042,0.34216958976662787
training_exchange_layers_e,breast,40,40,0.11557864916976972,0.5778111366673593
training_exchange_layers_e,breast,40,60,0.10072245606802809,0.31684018136255093
training_exchange_layers_e,breast,40,80,0.12613917957538107,0.5504751897599073
training_exchange_layers_e,breast,40,100,0.11709500698515006,0.3659079805579905
training_exchange_layers_e,breast,60,20,0.1186617304594794,0.5254617236151863
training_exchange_layers_e,breast,60,40,0.12285714220478418,0.22205115216214794
training_exchange_layers_e,breast,60,60,0.08803723510870448,0.4018836779800527
training_exchange_layers_e,breast,60,80,0.0999451649828086,0.31717359895231995
training_exchange_layers_e,breast,60,100,0.06963362528273906,0.3400973812869486
training_exchange_layers_e,breast,80,20,0.086429936459986,0.7629430060066328
training_exchange_layers_e,breast,80,40,0.08555650091499645,1.0108285864335944
training_exchange_layers_e,breast,80,60,0.11508277834075901,0.38004064970932183
training_exchange_layers_e,breast,80,80,0.07819651180196104,0.3546467248884387
training_exchange_layers_e,breast,80,100,0.059783773871864586,0.28145198146805817
training_exchange_layers_e,breast,100,20,0.09218379904478424,0.6995073305574615
training_exchange_layers_e,breast,100,40,0.09641448291542531,0.5784637384071136
training_exchange_layers_e,breast,100,60,0.09691790750868062,0.7818292121175373
training_exchange_layers_e,breast,100,80,0.07868711563040452,0.3317879758698142
training_exchange_layers_e,breast,100,100,0.10050466737312387,0.32759505299672426
training_exchange_layers_e,breast,500,20,0.04781548309133953,1.234690450197036
training_exchange_layers_e,breast,500,40,0.0240373698918236,0.30666751207597864
training_exchange_layers_e,breast,500,60,0.0347452214036748,0.4194280843705264
training_exchange_layers_e,breast,500,80,0.01744831783192744,0.42423991915355985
training_exchange_layers_e,breast,500,100,0.028220801144056677,0.38224388397940207
training_exchange_layers_e,breast,1000,20,0.0209412715982897,0.5411393102847575
training_exchange_layers_e,breast,1000,40,0.008592091780525496,0.807912406052991
training_exchange_layers_e,breast,1000,60,0.006911400919729779,0.5133134775912653
training_exchange_layers_e,breast,1000,80,0.04421546378267107,0.22428924648724458
training_exchange_layers_e,breast,1000,100,0.0031029488861646602,0.5428503917119099
training_exchange_layers_e,circle,20,20,0.5338943870364423,0.6834982935317223
training_exchange_layers_e,circle,20,40,0.3633170346275231,0.7306768837098232
training_exchange_layers_e,circle,20,60,0.36432966446023285,0.6804931727767125
training_exchange_layers_e,circle,20,80,0.5027828110876169,0.6941329352136483
training_exchange_layers_e,circle,20,100,0.3703426341060124,0.6759772716010086
training_exchange_layers_e,circle,40,20,0.42962885465993955,0.697854885499269
training_exchange_layers_e,circle,40,40,0.22613121908802916,0.7933340676635305
training_exchange_layers_e,circle,40,60,0.25425423517713863,0.7000075738116995
training_exchange_layers_e,circle,40,80,0.2482465690720275,0.6713147680780974
training_exchange_layers_e,circle,40,100,0.10972703708193644,0.7424664617323332
training_exchange_layers_e,circle,60,20,0.3416603957636806,0.7065073820737772
training_exchange_layers_e,circle,60,40,0.1402504303495999,0.7374428174075794
training_exchange_layers_e,circle,60,60,0.11447428070485322,0.6927973104511721
training_exchange_layers_e,circle,60,80,0.12954360360795386,0.7278293284523628
training_exchange_layers_e,circle,60,100,0.07599926976178442,0.8807212437676504
training_exchange_layers_e,circle,80,20,0.40636326152523883,0.8262061110575624
training_exchange_layers_e,circle,80,40,0.13974569484435007,0.7033801304802246
training_exchange_layers_e,circle,80,60,0.06027474023205608,0.8254834402944502
training_exchange_layers_e,circle,80,80,0.06431779887122824,1.1715243659593175
training_exchange_layers_e,circle,80,100,0.07364646177309547,0.7364455338425053
training_exchange_layers_e,circle,100,20,0.16499105490882632,0.7187741314100896
training_exchange_layers_e,circle,100,40,0.12212085775989752,0.6988289025356906
training_exchange_layers_e,circle,100,60,0.0855402416528415,0.7119381550606068
training_exchange_layers_e,circle,100,80,0.0804910730707434,0.7138639867381097
training_exchange_layers_e,circle,100,100,0.0903442976929046,0.6973513019469566
training_exchange_layers_e,circle,500,20,0.07653004499551125,0.9110209526959095
training_exchange_layers_e,circle,500,40,0.006554236819538075,1.5195705622682785
training_exchange_layers_e,circle,500,60,0.01510921928470952,0.7566225662361299
training_exchange_layers_e,circle,500,80,0.024807745507254387,0.793347626430765
training_exchange_layers_e,circle,500,100,0.00754177369044722,0.7406954493925004
training_exchange_layers_e,circle,1000,20,0.044741357963349535,0.7174099894846361
training_exchange_layers_e,circle,1000,40,0.002548397123016842,0.9987403932198531
training_exchange_layers_e,circle,1000,60,0.0021894816203059525,0.7983033507317576
training_exchange_layers_e,circle,1000,80,0.0011167309933123159,1.624805832505711
training_exchange_layers_e,circle,1000,100,3.3246314987479364e-05,0.904074545114682
training_exchange_layers_e,iris,20,20,0.1932369865968281,0.9361013723367537
training_exchange_layers_e,iris,20,40,0.11170911104296974,0.6006522710716642
training_exchange_layers_e,iris,20,60,0.07977263532836766,0.7175833484566922
training_exchange_layers_e,iris,20,80,0.08808697839317421,0.6510107948787316
training_exchange_layers_e,iris,20,100,0.08082431604859515,0.6302278313065977
training_exchange_layers_e,iris,40,20,0.07177734486921326,0.7854568630329513
training_exchange_layers_e,iris,40,40,0.07765967468175722,0.5305083000231583
training_exchange_layers_e,iris,40,60,0.11196698330387678,0.5909935468752395
training_exchange_layers_e,iris,40,80,0.09639654663563019,0.42038342998331946
training_exchange_layers_e,iris,40,100,0.05030184473253624,0.5036073504967807
training_exchange_layers_e,iris,60,20,0.1261509504197846,1.1960086908161194
training_exchange_layers_e,iris,60,40,0.05329954520873,0.7930042162869025
training_exchange_layers_e,iris,60,60,0.11167252018202885,0.8437654823771584
training_exchange_layers_e,iris,60,80,0.0516452103118695,0.6488322387740019
training_exchange_layers_e,iris,60,100,0.054285409631555155,0.7337485833558334
training_exchange_layers_e,iris,80,20,0.06094751047818974,0.7414091069445531
training_exchange_layers_e,iris,80,40,0.05219853525336412,3.205723458517177
training_exchange_layers_e,iris,80,60,0.05001168180192565,0.6384180228195526
training_exchange_layers_e,iris,80,80,0.05290310015728807,0.9381937178896672
training_exchange_layers_e,iris,80,100,0.05323873432396814,0.4869887582679252
training_exchange_layers_e,iris,100,20,0.054326682297843494,0.7753917632287534
training_exchange_layers_e,iris,100,40,0.06269632105136752,0.5861653934304495
training_exchange_layers_e,iris,100,60,0.050649220634926925,0.4994018741431311
training_exchange_layers_e,iris,100,80,0.050830683795449784,0.6542198329686624
training_exchange_layers_e,iris,100,100,0.06314349348647182,0.7095130581385589
training_exchange_layers_e,iris,500,20,0.04201147039338646,0.8581599995638043
training_exchange_layers_e,iris,500,40,0.037924184625286364,1.596347333970669
training_exchange_layers_e,iris,500,60,0.04047595970688947,0.5415891979557766
training_exchange_layers_e,iris,500,80,0.04004840115210177,0.7966996629623652
training_exchange_layers_e,iris,500,100,0.03196668546999435,0.7059180806364489
training_exchange_layers_e,iris,1000,20,0.0458444214315042,0.7969598342570291
training_exchange_layers_e,iris,1000,40,0.041042929746384516,0.6629807308667462
training_exchange_layers_e,iris,1000,60,0.029628192261380262,0.7221562892233608
training_exchange_layers_e,iris,1000,80,0.04850778915064633,0.685421264137034
training_exchange_layers_e,iris,1000,100,0.02857694833901709,0.4992192393485226
training_exchange_layers_e,wine,20,20,0.24103026814643466,1.098595558292301
training_exchange_layers_e,wine,20,40,0.19894530037000527,0.6059075602127142
training_exchange_layers_e,wine,20,60,0.2127217370882449,0.8227988522362206
training_exchange_layers_e,wine,20,80,0.09448278099484914,0.7001910686305397
training_exchange_layers_e,wine,20,100,0.13201338325229367,0.7077380498332928
training_exchange_layers_e,wine,40,20,0.22008449557931153,1.2011204872531542
training_exchange_layers_e,wine,40,40,0.06016479061341554,1.1883700082897966
training_exchange_layers_e,wine,40,60,0.09173452820632007,1.792575786950017
training_exchange_layers_e,wine,40,80,0.07740331613103202,1.4131477282481217
training_exchange_layers_e,wine,40,100,0.039046164121278044,0.9176976136864604
training_exchange_layers_e,wine,60,20,0.08833325100853812,1.2597498831201688
training_exchange_layers_e,wine,60,40,0.13064366652481635,1.1739452819417255
training_exchange_layers_e,wine,60,60,0.028114986984958533,1.9680353673956443
training_exchange_layers_e,wine,60,80,0.03599018512765976,0.7637912309401914
training_exchange_layers_e,wine,60,100,0.04685284445888273,0.6508753641522735
training_exchange_layers_e,wine,80,20,0.02274518417977653,1.2567521266197828
training_exchange_layers_e,wine,80,40,0.02876177638195997,0.8084320465281207
training_exchange_layers_e,wine,80,60,0.007163689424442376,0.7544337062855954
training_exchange_layers_e,wine,80,80,0.0035383339043780692,2.0653426074766204
training_exchange_layers_e,wine,80,100,0.0038982610278297026,1.0865606467631366
training_exchange_layers_e,wine,100,20,0.0834434048331947,1.2747537767814645
training_exchange_layers_e,wine,100,40,0.013676026449788038,0.9602006065510528
training_exchange_layers_e,wine,100,60,0.019720574312570984,1.0738916606574853
training_exchange_layers_e,wine,100,80,0.058180868612573246,0.7519228738157653
training_exchange_layers_e,wine,100,100,0.021211685953198563,0.8726668743279739
training_exchange_layers_e,wine,500,20,0.0009276049346404775,1.2011738377225003
training_exchange_layers_e,wine,500,40,5.700002750278814e-06,3.237664714627804
training_exchange_layers_e,wine,500,60,2.3858680376093926e-05,1.405634763185387
training_exchange_layers_e,wine,500,80,4.032258670924422e-06,1.3297096721388775
training_exchange_layers_e,wine,500,100,8.040915579837245e-06,0.6654612149271524
training_exchange_layers_e,wine,1000,20,4.032258064516129e-06,1.31080475057285
training_exchange_layers_e,wine,1000,40,3.3958265639794906e-05,2.383686350512162
training_exchange_layers_e,wine,1000,60,4.032258064516129e-06,0.7889515613042444
training_exchange_layers_e,wine,1000,80,5.412467187839853e-06,1.1040378930316208
training_exchange_layers_e,wine,1000,100,4.116158330401757e-06,0.7334587691869577
no_individual_layers,breast,20,20,0.20197801238402455,0.6286646096628501
no_individual_layers,breast,20,40,0.13898730129903586,0.4677144871887294
no_individual_layers,breast,20,60,0.16883293209744657,0.4951439773933746
no_individual_layers,breast,20,80,0.13110472352855207,0.30147113123696206
no_individual_layers,breast,20,100,0.09513953724791264,0.3447599354828267
no_individual_layers,breast,40,20,0.09133206914818025,0.47228953817317226
no_individual_layers,breast,40,40,0.11692242637646336,0.461232093541711
no_individual_layers,breast,40,60,0.12118306984256459,0.373287370967228
no_individual_layers,breast,40,80,0.0777614698305455,0.3578773024319642
no_individual_layers,breast,40,100,0.0891487074162953,0.36554672848901243
no_individual_layers,breast,60,20,0.07130656605738331,0.4731642565271723
no_individual_layers,breast,60,40,0.10960952929286458,0.5189391885545672
no_individual_layers,breast,60,60,0.11679425243813911,0.40715475092682313
no_individual_layers,breast,60,80,0.07379090661999936,0.27738211992332
no_individual_layers,breast,60,100,0.08111256421835274,0.22198665030890216
no_individual_layers,breast,80,20,0.10515267099709241,0.40810946429575573
no_individual_layers,breast,80,40,0.08553192674873462,0.8043557828736544
no_individual_layers,breast,80,60,0.09446530354988801,0.34058671863048295
no_individual_layers,breast,80,80,0.07417532671900892,0.3527402883636373
no_individual_layers,breast,80,100,0.07710331626530284,0.38481657924646673
no_individual_layers,breast,100,20,0.10954703740647043,0.5559234786839428
no_individual_layers,breast,100,40,0.10069672913579826,0.41309674677671254
no_individual_layers,breast,100,60,0.06921365906525659,0.3237167178893391
no_individual_layers,breast,100,80,0.06933417387511653,0.3508248809483622
no_individual_layers,breast,100,100,0.06200639074239345,0.388706888007645
no_individual_layers,breast,500,20,0.02364729823756326,0.4066844087698002
no_individual_layers,breast,500,40,0.02038241477277544,0.7249114412548316
no_individual_layers,breast,500,60,0.031013030090069973,0.3493687568430201
no_individual_layers,breast,500,80,0.023849939239555116,0.26898946597174433
no_individual_layers,breast,500,100,0.028004779250478576,0.20768179725769786
no_individual_layers,breast,1000,20,0.0287331175645364,0.4328865924347279
no_individual_layers,breast,1000,40,0.03456720562723375,0.4561473038013585
no_individual_layers,breast,1000,60,0.013757767136651958,0.43897773364362774
no_individual_layers,breast,1000,80,0.011834827756090033,0.4929536392744022
no_individual_layers,breast,1000,100,0.011131037394728408,0.40440289569538873
no_individual_layers,circle,20,20,0.5634286595333479,0.7087366597874925
no_individual_layers,circle,20,40,0.5201783699347697,0.6790592071291378
no_individual_layers,circle,20,60,0.5419912074910428,0.6878138046567691
no_individual_layers,circle,20,80,0.43171957529156485,0.6822362179633036
no_individual_layers,circle,20,100,0.4044523199271622,0.6710837720745153
no_individual_layers,circle,40,20,0.5642407565611202,0.6883804381914426
no_individual_layers,circle,40,40,0.38814090975360027,0.7169912366216457
no_individual_layers,circle,40,60,0.4888158666235492,0.6883026252669454
no_individual_layers,circle,40,80,0.5122098545199352,0.6874562180837072
no_individual_layers,circle,40,100,0.4650069493787603,0.696416540616806
no_individual_layers,circle,60,20,0.5413879750808895,0.697961424686531
no_individual_layers,circle,60,40,0.5025745139589488,0.6951119003010692
no_individual_layers,circle,60,60,0.4324251438647766,0.7061599802843046
no_individual_layers,circle,60,80,0.42319361336117,0.6771476951586021
no_individual_layers,circle,60,100,0.4208416755428908,0.6820661950252979
no_individual_layers,circle,80,20,0.4883233333867935,0.6989515919176296
no_individual_layers,circle,80,40,0.5440698144482768,0.6965459113575215
no_individual_layers,circle,80,60,0.3868576899615715,0.6844901030958805
no_individual_layers,circle,80,80,0.5068541476765879,0.6906982636712328
no_individual_layers,circle,80,100,0.47097903565254257,0.7002097413270014
no_individual_layers,circle,100,20,0.4475643042812147,0.6843000274697161
no_individual_layers,circle,100,40,0.3217544234802169,0.6851064653092688
no_individual_layers,circle,100,60,0.35149750261356993,0.6835128404521114
no_individual_layers,circle,100,80,0.33413610061212917,0.7045115002748208
no_individual_layers,circle,100,100,0.3217079967535341,0.6866725836916429
no_individual_layers,circle,500,20,0.6192020856453878,0.6975448032758911
no_individual_layers,circle,500,40,0.3849836465299554,0.6927085289306418
no_individual_layers,circle,500,60,0.32104057779630746,0.6923771401446631
no_individual_layers,circle,500,80,0.3244263005590762,0.6893033389081344
no_individual_layers,circle,500,100,0.23051901050062606,0.6876987531573544
no_individual_layers,circle,1000,20,0.42073923527432766,0.6794371166497399
no_individual_layers,circle,1000,40,0.4369312962053134,0.6730207184041912
no_individual_layers,circle,1000,60,0.15959807145621344,0.6827384317115502
no_individual_layers,circle,1000,80,0.11404897244314947,0.6589478687841449
no_individual_layers,circle,1000,100,0.11093070131375782,0.6933416236973189
no_individual_layers,iris,20,20,0.19591843227901484,0.794325374007394
no_individual_layers,iris,20,40,0.16737196952397138,0.7178181505446607
no_individual_layers,iris,20,60,0.14324123574200023,0.6080280501059278
no_individual_layers,iris,20,80,0.08035702456160249,0.7281692414309049
no_individual_layers,iris,20,100,0.21489478297286563,0.8140699780113728
no_individual_layers,iris,40,20,0.22762636089948554,0.9906746511578617
no_individual_layers,iris,40,40,0.15443801645448146,1.003166406050176
no_individual_layers,iris,40,60,0.06546473657255049,0.6405075505929907
no_individual_layers,iris,40,80,0.1714277558000197,0.7591386175460617
no_individual_layers,iris,40,100,0.08889145164962665,0.6958870630996813
no_individual_layers,iris,60,20,0.24683284266589625,0.9119618211331607
no_individual_layers,iris,60,40,0.06792725601741072,0.9386262039286333
no_individual_layers,iris,60,60,0.08827972493412069,0.8150310320262314
no_individual_layers,iris,60,80,0.08678398890911926,0.6732746874811422
no_individual_layers,iris,60,100,0.09924848965330697,0.6753799553220761
no_individual_layers,iris,80,20,0.05602597274755857,0.9383839286083686
no_individual_layers,iris,80,40,0.05876379440580162,0.8728434267785513
no_individual_layers,iris,80,60,0.10759508323293086,0.6809768049547313
no_individual_layers,iris,80,80,0.07464334087126502,0.7675304399193723
no_individual_layers,iris,80,100,0.050866305193576336,0.6558597174204346
no_individual_layers,iris,100,20,0.218425913136076,0.7697563663237453
no_individual_layers,iris,100,40,0.08644242397591877,1.0144831798574614
no_individual_layers,iris,100,60,0.06320041377541195,0.6226601267682501
no_individual_layers,iris,100,80,0.05273038447944771,0.6212263505735193
no_individual_layers,iris,100,100,0.0949817219238634,0.8889038384111551
no_individual_layers,iris,500,20,0.0800026646856214,1.0470512571809958
no_individual_layers,iris,500,40,0.0529317941175114,0.8904846449455998
no_individual_layers,iris,500,60,0.05922587495794637,0.8025257425213087
no_individual_layers,iris,500,80,0.04724523251524713,0.8292092814632052
no_individual_layers,iris,500,100,0.04623624546856759,0.7101181559438462
no_individual_layers,iris,1000,20,0.05203474245340722,0.8383460568906898
no_individual_layers,iris,1000,40,0.0491466360946753,0.8456517805744951
no_individual_layers,iris,1000,60,0.04511477299296562,0.8566914046229552
no_individual_layers,iris,1000,80,0.046978201478387,0.749967515098594
no_individual_layers,iris,1000,100,0.05189331670282714,0.6209264334326617
no_individual_layers,wine,20,20,0.2985941812591228,0.8202791271096949
no_individual_layers,wine,20,40,0.12323586148481781,0.8816726576484151
no_individual_layers,wine,20,60,0.0936884880409033,0.788204186027791
no_individual_layers,wine,20,80,0.18956012324026245,0.654772718758766
no_individual_layers,wine,20,100,0.0942740218745143,0.8250814018658661
no_individual_layers,wine,40,20,0.11693499617103179,1.0354443763102403
no_individual_layers,wine,40,40,0.09183941158438677,0.8757587956620415
no_individual_layers,wine,40,60,0.10660085254342523,1.0725743316804162
no_individual_layers,wine,40,80,0.04767835472392512,0.9397815677520709
no_individual_layers,wine,40,100,0.045541916899348306,0.685450699339498
no_individual_layers,wine,60,20,0.07341587043988554,1.4086436008904986
no_individual_layers,wine,60,40,0.14044374615446786,0.9959691969733667
no_individual_layers,wine,60,60,0.05353688877845606,0.7410007771192527
no_individual_layers,wine,60,80,0.025133435795520225,0.8818210846239818
no_individual_layers,wine,60,100,0.03773810263380745,0.5773396220996657
no_individual_layers,wine,80,20,0.07917404457241857,1.436214854310981
no_individual_layers,wine,80,40,0.03098367959879365,0.9916895787458735
no_individual_layers,wine,80,60,0.06643363317547223,0.8543118627414402
no_individual_layers,wine,80,80,0.03558261733441475,1.14203525841514
no_individual_layers,wine,80,100,0.01928090591961027,0.9489560561232446
no_individual_layers,wine,100,20,0.06826744825068491,0.8994494328160635
no_individual_layers,wine,100,40,0.03585448369143593,1.4590090523702193
no_individual_layers,wine,100,60,0.04508583956863315,0.8061971301677164
no_individual_layers,wine,100,80,0.012917931128732477,0.5372368154663822
no_individual_layers,wine,100,100,0.017166398800852318,0.6768460328780014
no_individual_layers,wine,500,20,0.002899034230578886,1.1448305602669842
no_individual_layers,wine,500,40,0.0006291851462651471,0.6850737208879304
no_individual_layers,wine,500,60,7.469329506406648e-05,0.7974033583314741
no_individual_layers,wine,500,80,0.0001471758719114915,0.8117900792396227
no_individual_layers,wine,500,100,0.00028564953703268017,0.8803671891343535
no_individual_layers,wine,1000,20,6.347659149437917e-06,0.8966175587677624
no_individual_layers,wine,1000,40,6.199052962875762e-05,0.9311520277447473
no_individual_layers,wine,1000,60,1.0852694170256962e-05,0.7757820113782513
no_individual_layers,wine,1000,80,4.067252925395396e-06,1.034584606560273
no_individual_layers,wine,1000,100,2.3922282134917024e-05,0.7789056671965032
no_exchange_layers,breast,20,20,0.19718430039069182,0.49208028199387444
no_exchange_layers,breast,20,40,0.23548533407921535,0.4477588993945631
no_exchange_layers,breast,20,60,0.15837995274697061,0.4359796394537761
no_exchange_layers,breast,20,80,0.1589587834923947,0.527826247977485
no_exchange_layers,breast,20,100,0.12883825008123648,0.36800494328859906
no_exchange_layers,breast,40,20,0.12139553985733924,0.8570678349671826
no_exchange_layers,breast,40,40,0.16664729144841905,0.635048549219087
no_exchange_layers,breast,40,60,0.11845447321831079,0.4289547401068177
no_exchange_layers,breast,40,80,0.0746169518073464,0.32787089316227996
no_exchange_layers,breast,40,100,0.08211098951240164,0.3502666779033495
no_exchange_layers,breast,60,20,0.1257502236380178,0.4576772589274157
no_exchange_layers,breast,60,40,0.0980951548526617,0.66961632960999
no_exchange_layers,breast,60,60,0.1077273073598787,0.5924084379580858
no_exchange_layers,breast,60,80,0.1034741030088497,0.3451770530033626
no_exchange_layers,breast,60,100,0.07435908632140335,0.3410744768720648
no_exchange_layers,breast,80,20,0.0988763293913326,0.792796943080652
no_exchange_layers,breast,80,40,0.11540343736261426,0.6046751228264022
no_exchange_layers,breast,80,60,0.07244364496006743,0.6975845519290335
no_exchange_layers,breast,80,80,0.06815024133224074,0.47515134480155663
no_exchange_layers,breast,80,100,0.05742480763377683,0.43999552091927274
no_exchange_layers,breast,100,20,0.10730256365875603,0.5910950460013861
no_exchange_layers,breast,100,40,0.0631602680956145,0.3493025483604225
no_exchange_layers,breast,100,60,0.09139778323245078,0.4723547763271454
no_exchange_layers,breast,100,80,0.059390150609616214,0.5976308367149716
no_exchange_layers,breast,100,100,0.06434721750360431,0.39260163015277133
no_exchange_layers,breast,500,20,0.04916588158586247,1.1665649000492684
no_exchange_layers,breast,500,40,0.05224537772545074,0.32305599003486307
no_exchange_layers,breast,500,60,0.024133971871888465,0.6272526535309638
no_exchange_layers,breast,500,80,0.02370671005238502,0.3110615560564635
no_exchange_layers,breast,500,100,0.03130328487424316,0.6651054551215841
no_exchange_layers,breast,1000,20,0.02149340373853209,0.6835919349066046
no_exchange_layers,breast,1000,40,0.004835598601586169,0.5862906913649082
no_exchange_layers,breast,1000,60,0.018743436754173972,0.4760210141066721
no_exchange_layers,breast,1000,80,0.0012201744452848282,0.5218471606843096
no_exchange_layers,breast,1000,100,0.014061869558115166,0.3664220217731834
no_exchange_layers,circle,20,20,0.5164234307560649,0.6867598181309784
no_exchange_layers,circle,20,40,0.5350425395154405,0.6913665549509386
no_exchange_layers,circle,20,60,0.4746109640248437,0.6932521658594194
no_exchange_layers,circle,20,80,0.43098693732685883,0.6930219300564268
no_exchange_layers,circle,20,100,0.4009128112611314,0.7061655424065129
no_exchange_layers,circle,40,20,0.2825999741508049,0.6881998440183388
no_exchange_layers,circle,40,40,0.44981425067964614,0.82950165590538
no_exchange_layers,circle,40,60,0.30780220836824,0.7272938657226626
no_exchange_layers,circle,40,80,0.30324441004615194,0.6968466577926137
no_exchange_layers,circle,40,100,0.2711425056104372,1.6330521728287895
no_exchange_layers,circle,60,20,0.39476228037739974,0.6967467452913098
no_exchange_layers,circle,60,40,0.21116676333108642,0.6696327719014235
no_exchange_layers,circle,60,60,0.2810485527397425,1.5222798926945915
no_exchange_layers,circle,60,80,0.18975597749978224,0.7375103199183888
no_exchange_layers,circle,60,100,0.2695408555848416,0.6592979714285528
no_exchange_layers,circle,80,20,0.30532891850821986,0.6916979312331307
no_exchange_layers,circle,80,40,0.24551803646266457,0.7127968855544328
no_exchange_layers,circle,80,60,0.18741040547058538,0.8323099285618413
no_exchange_layers,circle,80,80,0.15251103975375274,0.7002609960878751
no_exchange_layers,circle,80,100,0.09495200643409418,1.1833107821933575
no_exchange_layers,circle,100,20,0.20764749222167211,0.8168727589096858
no_exchange_layers,circle,100,40,0.18299796470484908,0.7740756569003904
no_exchange_layers,circle,100,60,0.06395602985985702,0.677765682188188
no_exchange_layers,circle,100,80,0.08731271883170798,0.6529826025825856
no_exchange_layers,circle,100,100,0.046064678428455234,0.7501585770255759
no_exchange_layers,circle,500,20,0.11344964265476062,0.707898897730677
no_exchange_layers,circle,500,40,0.018704469034913334,0.8141973992703178
no_exchange_layers,circle,500,60,0.0005371351240082593,0.7620574526995972
no_exchange_layers,circle,500,80,0.0006391603750506091,0.6751729815440609
no_exchange_layers,circle,500,100,0.019727545628648924,0.8294516493811271
no_exchange_layers,circle,1000,20,0.07547867902256263,0.7283837261746204
no_exchange_layers,circle,1000,40,0.005532747228524905,0.739600461872286
no_exchange_layers,circle,1000,60,0.152353039285857,0.6928658811376543
no_exchange_layers,circle,1000,80,0.002295580875667852,0.7473038270638754
no_exchange_layers,circle,1000,100,0.015327240084814375,0.6769664265106101
no_exchange_layers,iris,20,20,0.08984573855241489,0.6415298578575586
no_exchange_layers,iris,20,40,0.14794029850693138,3.017383225974218
no_exchange_layers,iris,20,60,0.0716585101620541,0.6007106571529678
no_exchange_layers,iris,20,80,0.09052066055131873,0.7907822896201712
no_exchange_layers,iris,20,100,0.09806122602865983,0.7361130908187764
no_exchange_layers,iris,40,20,0.260063497362777,0.9870527210587321
no_exchange_layers,iris,40,40,0.11653727776891122,0.8401072174389745
no_exchange_layers,iris,40,60,0.06250085296747261,0.6063319246306568
no_exchange_layers,iris,40,80,0.060156858060467985,0.5647666723061392
no_exchange_layers,iris,40,100,0.055856181046883245,0.6737616369927648
no_exchange_layers,iris,60,20,0.054447090527621284,1.209813083656557
no_exchange_layers,iris,60,40,0.09661252192657512,0.7370549558856166
no_exchange_layers,iris,60,60,0.05775901838175178,0.836082525498018
no_exchange_layers,iris,60,80,0.0520252546070392,0.6680406171705296
no_exchange_layers,iris,60,100,0.049867703610974624,0.608808954195812
no_exchange_layers,iris,80,20,0.08183495924113286,0.8799280879091744
no_exchange_layers,iris,80,40,0.058374852129725784,0.7714208295975794
no_exchange_layers,iris,80,60,0.06019947513770924,0.4790780250540401
no_exchange_layers,iris,80,80,0.051293597907683425,0.8737100711546133
no_exchange_layers,iris,80,100,0.0575680735879674,0.5072456581479897
no_exchange_layers,iris,100,20,0.058314587658335325,0.9661638914888496
no_exchange_layers,iris,100,40,0.05241524266007307,1.896528776663579
no_exchange_layers,iris,100,60,0.05793787440420063,0.7213110013065868
no_exchange_layers,iris,100,80,0.04806306072148538,1.0634173820406707
no_exchange_layers,iris,100,100,0.0504952921745503,0.7506838563402185
no_exchange_layers,iris,500,20,0.06530654015827576,1.0885271790431075
no_exchange_layers,iris,500,40,0.04827918890295224,0.5086478644988648
no_exchange_layers,iris,500,60,0.04845779301508338,0.8684936642142723
no_exchange_layers,iris,500,80,0.016706249404660437,1.2993831952981696
no_exchange_layers,iris,500,100,0.04557442354338365,0.44143299405007475
no_exchange_layers,iris,1000,20,0.04915149621220855,1.0438294916382553
no_exchange_layers,iris,1000,40,0.0381157369891106,0.6400402718298804
no_exchange_layers,iris,1000,60,0.027874618428645987,1.1667126667114345
no_exchange_layers,iris,1000,80,0.051039183399683524,0.6390652903960361
no_exchange_layers,iris,1000,100,0.04869965047013367,0.5480628017284371
no_exchange_layers,wine,20,20,0.12630850054918424,1.0139278477739184
no_exchange_layers,wine,20,40,0.29068467139669935,0.9716647590173086
no_exchange_layers,wine,20,60,0.15126499165769286,0.7143685698883636
no_exchange_layers,wine,20,80,0.07940553523116098,0.8721739855872191
no_exchange_layers,wine,20,100,0.0765347516737951,0.7080073949500075
no_exchange_layers,wine,40,20,0.17366992668458628,1.254565484053432
no_exchange_layers,wine,40,40,0.08242417780671743,0.9839608924717029
no_exchange_layers,wine,40,60,0.034789471511950214,0.9601732683882411
no_exchange_layers,wine,40,80,0.0252615678886888,0.8684559576819744
no_exchange_layers,wine,40,100,0.03370981518445854,1.1536941627005959
no_exchange_layers,wine,60,20,0.11043706471368148,0.918062463981318
no_exchange_layers,wine,60,40,0.017478029542630873,0.9216539422514736
no_exchange_layers,wine,60,60,0.0030764078374897405,0.7387957008351699
no_exchange_layers,wine,60,80,0.017067038661975426,1.9892067192305956
no_exchange_layers,wine,60,100,0.039987912067308694,1.4661021799178613
no_exchange_layers,wine,80,20,0.1460350370000512,1.3347391646905944
no_exchange_layers,wine,80,40,0.045932156488589414,1.0623827479755055
no_exchange_layers,wine,80,60,0.03469744909285151,0.6146000641435507
no_exchange_layers,wine,80,80,0.010326474219625232,0.4851660326144151
no_exchange_layers,wine,80,100,0.0021434726324729095,0.7011513396013463
no_exchange_layers,wine,100,20,0.07836374317670339,1.2456194905794957
no_exchange_layers,wine,100,40,0.014096117531659865,0.9924113390267196
no_exchange_layers,wine,100,60,0.012265260921003034,1.1885360212141618
no_exchange_layers,wine,100,80,3.4912424077072396e-05,0.9758723122745705
no_exchange_layers,wine,100,100,0.01492424658041535,0.6455097936198189
no_exchange_layers,wine,500,20,4.050417149705236e-06,1.2300662869629562
no_exchange_layers,wine,500,40,4.033110021819957e-06,1.918494171781434
no_exchange_layers,wine,500,60,5.481558358433375e-06,0.6397679289280928
no_exchange_layers,wine,500,80,4.032268681940632e-06,0.544846392084182
no_exchange_layers,wine,500,100,4.032267091761032e-06,1.0445663970536776
no_exchange_layers,wine,1000,20,5.965445824915884e-06,1.1069575177654964
no_exchange_layers,wine,1000,40,4.032258064516129e-06,1.8802437021497183
no_exchange_layers,wine,1000,60,4.14632716765771e-06,0.7872457298407035
no_exchange_layers,wine,1000,80,4.034969511431762e-06,1.2255104849486989
no_exchange_layers,wine,1000,100,4.0323706981266974e-06,0.7269855585967714
